{"clean_acc": 0.7942238267148014, "attack_acc": 0.779783393501805, "asr": 0.01818181818181816}