{"clean_acc": 0.7870036101083032, "attack_acc": 0.7942238267148014, "asr": -0.009174311926605495}