{"clean_acc": 0.7942238267148014, "attack_acc": 0.7617328519855595, "asr": 0.04090909090909094}