{"clean_acc": 0.7906137184115524, "attack_acc": 0.7581227436823105, "asr": 0.04109589041095892}