{"clean_acc": 0.7906137184115524, "attack_acc": 0.5992779783393501, "asr": 0.2420091324200914}