{"clean_acc": 0.7942238267148014, "attack_acc": 0.5884476534296029, "asr": 0.25909090909090904}