{"clean_acc": 0.8194945848375451, "attack_acc": 0.6173285198555957, "asr": 0.24669603524229072}