{"clean_acc": 0.7184115523465704, "attack_acc": 0.4187725631768953, "asr": 0.41708542713567837}