{"clean_acc": 0.8086642599277978, "attack_acc": 0.5703971119133574, "asr": 0.2946428571428571}