{"clean_acc": 0.7725631768953068, "attack_acc": 0.7292418772563177, "asr": 0.056074766355140124}