{"clean_acc": 0.7328519855595668, "attack_acc": 0.6425992779783394, "asr": 0.12315270935960584}