{"clean_acc": 0.7545126353790613, "attack_acc": 0.6245487364620939, "asr": 0.17224880382775115}