{"clean_acc": 0.7436823104693141, "attack_acc": 0.703971119133574, "asr": 0.053398058252427195}