{"clean_acc": 0.7364620938628159, "attack_acc": 0.4981949458483754, "asr": 0.32352941176470595}