{"clean_acc": 0.7906137184115524, "attack_acc": 0.7003610108303249, "asr": 0.11415525114155259}