{"clean_acc": 0.7942238267148014, "attack_acc": 0.7220216606498195, "asr": 0.0909090909090908}