{"clean_acc": 0.7581227436823105, "attack_acc": 0.6895306859205776, "asr": 0.09047619047619045}