{"clean_acc": 0.7833935018050542, "attack_acc": 0.7256317689530686, "asr": 0.07373271889400927}