{"clean_acc": 0.6209386281588448, "attack_acc": 0.48736462093862815, "asr": 0.21511627906976752}