{"clean_acc": 0.7328519855595668, "attack_acc": 0.4981949458483754, "asr": 0.32019704433497537}