{"clean_acc": 0.8194945848375451, "attack_acc": 0.4981949458483754, "asr": 0.39207048458149785}