{"clean_acc": 0.5992779783393501, "attack_acc": 0.44765342960288806, "asr": 0.25301204819277107}