{"clean_acc": 0.7942238267148014, "attack_acc": 0.5270758122743683, "asr": 0.33636363636363625}