{"clean_acc": 0.779783393501805, "attack_acc": 0.5595667870036101, "asr": 0.28240740740740744}