{"clean_acc": 0.8339350180505415, "attack_acc": 0.7689530685920578, "asr": 0.07792207792207784}