{"clean_acc": 0.740072202166065, "attack_acc": 0.21299638989169675, "asr": 0.7121951219512195}