{"clean_acc": 0.8339350180505415, "attack_acc": 0.7292418772563177, "asr": 0.12554112554112545}