{"clean_acc": 0.7436823104693141, "attack_acc": 0.3935018050541516, "asr": 0.470873786407767}