{"clean_acc": 0.7436823104693141, "attack_acc": 0.21660649819494585, "asr": 0.7087378640776699}