{"clean_acc": 0.7978339350180506, "attack_acc": 0.5956678700361011, "asr": 0.25339366515837103}