{"clean_acc": 0.740072202166065, "attack_acc": 0.4043321299638989, "asr": 0.45365853658536587}