{"clean_acc": 0.7978339350180506, "attack_acc": 0.7617328519855595, "asr": 0.04524886877828063}