{"clean_acc": 0.7906137184115524, "attack_acc": 0.592057761732852, "asr": 0.25114155251141557}