{"clean_acc": 0.7906137184115524, "attack_acc": 0.7545126353790613, "asr": 0.04566210045662109}