{"clean_acc": 0.8158844765342961, "attack_acc": 0.5379061371841155, "asr": 0.34070796460177}