{"clean_acc": 0.8158844765342961, "attack_acc": 0.7436823104693141, "asr": 0.08849557522123896}