{"clean_acc": 0.8194945848375451, "attack_acc": 0.5451263537906137, "asr": 0.3348017621145375}