{"clean_acc": 0.7725631768953068, "attack_acc": 0.740072202166065, "asr": 0.042056074766355166}