{"clean_acc": 0.7725631768953068, "attack_acc": 0.6678700361010831, "asr": 0.1355140186915887}