{"clean_acc": 0.7581227436823105, "attack_acc": 0.7364620938628159, "asr": 0.02857142857142854}