{"clean_acc": 0.7545126353790613, "attack_acc": 0.740072202166065, "asr": 0.019138755980861222}