{"clean_acc": 0.7581227436823105, "attack_acc": 0.7509025270758123, "asr": 0.009523809523809513}