{"clean_acc": 0.7509025270758123, "attack_acc": 0.7364620938628159, "asr": 0.019230769230769208}