{"clean_acc": 0.7833935018050542, "attack_acc": 0.7581227436823105, "asr": 0.032258064516129066}