{"clean_acc": 0.8014440433212996, "attack_acc": 0.7870036101083032, "asr": 0.018018018018017997}