{"clean_acc": 0.8050541516245487, "attack_acc": 0.7942238267148014, "asr": 0.01345291479820633}