{"clean_acc": 0.7545126353790613, "attack_acc": 0.7292418772563177, "asr": 0.03349282296650707}