{"clean_acc": 0.7653429602888087, "attack_acc": 0.7581227436823105, "asr": 0.009433962264150933}