{"clean_acc": 0.7509025270758123, "attack_acc": 0.6534296028880866, "asr": 0.12980769230769237}