{"clean_acc": 0.7256317689530686, "attack_acc": 0.6462093862815884, "asr": 0.10945273631840799}