{"clean_acc": 0.740072202166065, "attack_acc": 0.6209386281588448, "asr": 0.16097560975609745}