{"clean_acc": 0.7545126353790613, "attack_acc": 0.6389891696750902, "asr": 0.15311004784688992}