{"clean_acc": 0.7364620938628159, "attack_acc": 0.5848375451263538, "asr": 0.20588235294117652}