{"clean_acc": 0.8050541516245487, "attack_acc": 0.7328519855595668, "asr": 0.08968609865470856}