{"clean_acc": 0.7942238267148014, "attack_acc": 0.776173285198556, "asr": 0.02272727272727263}