{"clean_acc": 0.7942238267148014, "attack_acc": 0.7581227436823105, "asr": 0.0454545454545454}