{"clean_acc": 0.7833935018050542, "attack_acc": 0.592057761732852, "asr": 0.24423963133640558}