{"clean_acc": 0.7545126353790613, "attack_acc": 0.7220216606498195, "asr": 0.04306220095693768}