{"clean_acc": 0.7545126353790613, "attack_acc": 0.5956678700361011, "asr": 0.2105263157894736}