{"clean_acc": 0.7617328519855595, "attack_acc": 0.7111913357400722, "asr": 0.06635071090047386}