{"clean_acc": 0.7581227436823105, "attack_acc": 0.6028880866425993, "asr": 0.20476190476190473}