{"clean_acc": 0.7617328519855595, "attack_acc": 0.5812274368231047, "asr": 0.23696682464454966}