{"clean_acc": 0.7653429602888087, "attack_acc": 0.5812274368231047, "asr": 0.240566037735849}