{"clean_acc": 0.7184115523465704, "attack_acc": 0.5415162454873647, "asr": 0.24623115577889443}