{"clean_acc": 0.779783393501805, "attack_acc": 0.5126353790613718, "asr": 0.3425925925925926}