{"clean_acc": 0.7364620938628159, "attack_acc": 0.4259927797833935, "asr": 0.4215686274509804}