{"clean_acc": 0.779783393501805, "attack_acc": 0.4981949458483754, "asr": 0.3611111111111111}