{"clean_acc": 0.7472924187725631, "attack_acc": 0.4548736462093863, "asr": 0.3913043478260869}