{"clean_acc": 0.7581227436823105, "attack_acc": 0.48736462093862815, "asr": 0.35714285714285715}