{"clean_acc": 0.47653429602888087, "attack_acc": 0.4729241877256318, "asr": 0.007575757575757567}