{"clean_acc": 0.8086642599277978, "attack_acc": 0.5306859205776173, "asr": 0.34374999999999994}