{"clean_acc": 0.7436823104693141, "attack_acc": 0.49458483754512633, "asr": 0.3349514563106797}