{"clean_acc": 0.7906137184115524, "attack_acc": 0.5667870036101083, "asr": 0.2831050228310503}