{"clean_acc": 0.631768953068592, "attack_acc": 0.4657039711191336, "asr": 0.26285714285714284}