{"clean_acc": 0.7689530685920578, "attack_acc": 0.631768953068592, "asr": 0.17840375586854468}