{"clean_acc": 0.7545126353790613, "attack_acc": 0.6353790613718412, "asr": 0.15789473684210517}