{"clean_acc": 0.7436823104693141, "attack_acc": 0.6173285198555957, "asr": 0.16990291262135923}