{"clean_acc": 0.7581227436823105, "attack_acc": 0.628158844765343, "asr": 0.17142857142857137}