{"clean_acc": 0.7256317689530686, "attack_acc": 0.5631768953068592, "asr": 0.22388059701492535}