{"clean_acc": 0.776173285198556, "attack_acc": 0.6750902527075813, "asr": 0.13023255813953488}