{"clean_acc": 0.779783393501805, "attack_acc": 0.7436823104693141, "asr": 0.046296296296296245}