{"clean_acc": 0.7545126353790613, "attack_acc": 0.4007220216606498, "asr": 0.4688995215311005}