{"clean_acc": 0.779783393501805, "attack_acc": 0.6137184115523465, "asr": 0.212962962962963}