{"clean_acc": 0.7870036101083032, "attack_acc": 0.6823104693140795, "asr": 0.13302752293577974}