{"clean_acc": 0.7509025270758123, "attack_acc": 0.555956678700361, "asr": 0.2596153846153846}