{"clean_acc": 0.7292418772563177, "attack_acc": 0.5379061371841155, "asr": 0.26237623762376244}