{"clean_acc": 0.6823104693140795, "attack_acc": 0.33574007220216606, "asr": 0.507936507936508}