{"clean_acc": 0.7906137184115524, "attack_acc": 0.6245487364620939, "asr": 0.21004566210045666}