{"clean_acc": 0.7075812274368231, "attack_acc": 0.5415162454873647, "asr": 0.2346938775510203}