{"clean_acc": 0.7545126353790613, "attack_acc": 0.555956678700361, "asr": 0.26315789473684204}