{"clean_acc": 0.7689530685920578, "attack_acc": 0.7220216606498195, "asr": 0.06103286384976526}