{"clean_acc": 0.7942238267148014, "attack_acc": 0.6425992779783394, "asr": 0.19090909090909083}