{"clean_acc": 0.7653429602888087, "attack_acc": 0.5667870036101083, "asr": 0.259433962264151}