{"clean_acc": 0.740072202166065, "attack_acc": 0.6245487364620939, "asr": 0.15609756097560973}