{"clean_acc": 0.7472924187725631, "attack_acc": 0.5595667870036101, "asr": 0.25120772946859904}