{"clean_acc": 0.7942238267148014, "attack_acc": 0.5956678700361011, "asr": 0.24999999999999992}