{"clean_acc": 0.7870036101083032, "attack_acc": 0.776173285198556, "asr": 0.013761467889908171}