{"clean_acc": 0.7870036101083032, "attack_acc": 0.7870036101083032, "asr": 0.0}