{"clean_acc": 0.7653429602888087, "attack_acc": 0.7075812274368231, "asr": 0.0754716981132076}