{"clean_acc": 0.776173285198556, "attack_acc": 0.7617328519855595, "asr": 0.01860465116279082}