{"clean_acc": 0.7472924187725631, "attack_acc": 0.7220216606498195, "asr": 0.03381642512077283}