{"clean_acc": 0.7581227436823105, "attack_acc": 0.5126353790613718, "asr": 0.3238095238095239}