{"clean_acc": 0.7581227436823105, "attack_acc": 0.4981949458483754, "asr": 0.3428571428571429}