{"clean_acc": 0.7581227436823105, "attack_acc": 0.5812274368231047, "asr": 0.23333333333333328}