{"clean_acc": 0.7148014440433214, "attack_acc": 0.5018050541516246, "asr": 0.297979797979798}