{"clean_acc": 0.7870036101083032, "attack_acc": 0.5776173285198556, "asr": 0.2660550458715596}