{"clean_acc": 0.7148014440433214, "attack_acc": 0.296028880866426, "asr": 0.5858585858585859}