{"clean_acc": 0.7148014440433214, "attack_acc": 0.5126353790613718, "asr": 0.28282828282828293}