{"clean_acc": 0.7870036101083032, "attack_acc": 0.7653429602888087, "asr": 0.027522935779816484}