{"clean_acc": 0.7942238267148014, "attack_acc": 0.6498194945848376, "asr": 0.18181818181818177}