{"clean_acc": 0.7184115523465704, "attack_acc": 0.3176895306859206, "asr": 0.5577889447236181}