{"clean_acc": 0.7833935018050542, "attack_acc": 0.5667870036101083, "asr": 0.27649769585253464}