{"clean_acc": 0.7942238267148014, "attack_acc": 0.7653429602888087, "asr": 0.03636363636363632}