{"clean_acc": 0.7870036101083032, "attack_acc": 0.7292418772563177, "asr": 0.07339449541284396}