{"clean_acc": 0.7870036101083032, "attack_acc": 0.5342960288808665, "asr": 0.32110091743119257}