{"clean_acc": 0.7833935018050542, "attack_acc": 0.5379061371841155, "asr": 0.3133640552995392}