{"clean_acc": 0.7545126353790613, "attack_acc": 0.6173285198555957, "asr": 0.18181818181818177}