{"clean_acc": 0.7581227436823105, "attack_acc": 0.740072202166065, "asr": 0.023809523809523853}