{"clean_acc": 0.7581227436823105, "attack_acc": 0.6173285198555957, "asr": 0.18571428571428572}