{"clean_acc": 0.776173285198556, "attack_acc": 0.7545126353790613, "asr": 0.027906976744186157}