{"clean_acc": 0.776173285198556, "attack_acc": 0.7689530685920578, "asr": 0.009302325581395338}