{"clean_acc": 0.7833935018050542, "attack_acc": 0.776173285198556, "asr": 0.009216589861751142}