{"clean_acc": 0.7833935018050542, "attack_acc": 0.7617328519855595, "asr": 0.027649769585253565}