{"clean_acc": 0.7256317689530686, "attack_acc": 0.7292418772563177, "asr": -0.004975124378109524}