{"clean_acc": 0.7870036101083032, "attack_acc": 0.7833935018050542, "asr": 0.004587155963302676}