{"clean_acc": 0.7581227436823105, "attack_acc": 0.7581227436823105, "asr": 0.0}