{"clean_acc": 0.7725631768953068, "attack_acc": 0.7689530685920578, "asr": 0.004672897196261605}