{"clean_acc": 0.7725631768953068, "attack_acc": 0.7653429602888087, "asr": 0.009345794392523353}