{"clean_acc": 0.779783393501805, "attack_acc": 0.7617328519855595, "asr": 0.023148148148148192}