{"clean_acc": 0.7725631768953068, "attack_acc": 0.7436823104693141, "asr": 0.037383177570093414}