{"clean_acc": 0.7906137184115524, "attack_acc": 0.7725631768953068, "asr": 0.022831050228310546}