{"clean_acc": 0.8086642599277978, "attack_acc": 0.7220216606498195, "asr": 0.10714285714285703}