{"clean_acc": 0.7870036101083032, "attack_acc": 0.5740072202166066, "asr": 0.2706422018348623}