{"clean_acc": 0.8014440433212996, "attack_acc": 0.7833935018050542, "asr": 0.022522522522522428}