{"clean_acc": 0.7870036101083032, "attack_acc": 0.6209386281588448, "asr": 0.2110091743119265}