{"clean_acc": 0.8086642599277978, "attack_acc": 0.6606498194945848, "asr": 0.1830357142857143}