{"clean_acc": 0.7870036101083032, "attack_acc": 0.30685920577617326, "asr": 0.6100917431192661}