{"clean_acc": 0.8014440433212996, "attack_acc": 0.776173285198556, "asr": 0.031531531531531425}