{"clean_acc": 0.7870036101083032, "attack_acc": 0.48375451263537905, "asr": 0.38532110091743116}