{"clean_acc": 0.5956678700361011, "attack_acc": 0.48736462093862815, "asr": 0.18181818181818188}