{"clean_acc": 0.5090252707581228, "attack_acc": 0.4620938628158845, "asr": 0.09219858156028368}