{"clean_acc": 0.7184115523465704, "attack_acc": 0.4404332129963899, "asr": 0.3869346733668342}