{"clean_acc": 0.7833935018050542, "attack_acc": 0.4548736462093863, "asr": 0.41935483870967744}