{"clean_acc": 0.7148014440433214, "attack_acc": 0.4296028880866426, "asr": 0.39898989898989906}