{"clean_acc": 0.7870036101083032, "attack_acc": 0.40794223826714804, "asr": 0.48165137614678893}