{"clean_acc": 0.7833935018050542, "attack_acc": 0.5126353790613718, "asr": 0.34562211981566826}