{"clean_acc": 0.7472924187725631, "attack_acc": 0.4729241877256318, "asr": 0.36714975845410625}