{"clean_acc": 0.7545126353790613, "attack_acc": 0.47653429602888087, "asr": 0.3684210526315789}