{"clean_acc": 0.7364620938628159, "attack_acc": 0.3935018050541516, "asr": 0.465686274509804}