{"clean_acc": 0.4981949458483754, "attack_acc": 0.4620938628158845, "asr": 0.07246376811594195}