{"clean_acc": 0.7906137184115524, "attack_acc": 0.5054151624548736, "asr": 0.36073059360730597}