{"clean_acc": 0.7220216606498195, "attack_acc": 0.4620938628158845, "asr": 0.36000000000000004}