{"clean_acc": 0.7292418772563177, "attack_acc": 0.4332129963898917, "asr": 0.40594059405940597}