{"clean_acc": 0.7725631768953068, "attack_acc": 0.4657039711191336, "asr": 0.397196261682243}