{"clean_acc": 0.7653429602888087, "attack_acc": 0.5306859205776173, "asr": 0.30660377358490565}