{"clean_acc": 0.7653429602888087, "attack_acc": 0.5379061371841155, "asr": 0.29716981132075476}