{"clean_acc": 0.7509025270758123, "attack_acc": 0.5126353790613718, "asr": 0.3173076923076924}