{"clean_acc": 0.7725631768953068, "attack_acc": 0.51985559566787, "asr": 0.3271028037383178}