{"clean_acc": 0.7617328519855595, "attack_acc": 0.4620938628158845, "asr": 0.39336492890995256}