{"clean_acc": 0.8158844765342961, "attack_acc": 0.8050541516245487, "asr": 0.013274336283185893}