{"clean_acc": 0.8014440433212996, "attack_acc": 0.7906137184115524, "asr": 0.01351351351351343}