{"clean_acc": 0.8194945848375451, "attack_acc": 0.8086642599277978, "asr": 0.013215859030837057}