{"clean_acc": 0.7617328519855595, "attack_acc": 0.6425992779783394, "asr": 0.15639810426540274}