{"clean_acc": 0.7292418772563177, "attack_acc": 0.6173285198555957, "asr": 0.15346534653465352}