{"clean_acc": 0.7689530685920578, "attack_acc": 0.6462093862815884, "asr": 0.15962441314554}