{"clean_acc": 0.7653429602888087, "attack_acc": 0.6425992779783394, "asr": 0.160377358490566}