{"clean_acc": 0.7545126353790613, "attack_acc": 0.6028880866425993, "asr": 0.200956937799043}