{"clean_acc": 0.7509025270758123, "attack_acc": 0.6570397111913358, "asr": 0.125}