{"clean_acc": 0.7833935018050542, "attack_acc": 0.6425992779783394, "asr": 0.17972350230414746}