{"clean_acc": 0.7870036101083032, "attack_acc": 0.6606498194945848, "asr": 0.16055045871559637}