{"clean_acc": 0.7906137184115524, "attack_acc": 0.6353790613718412, "asr": 0.1963470319634703}