{"clean_acc": 0.49458483754512633, "attack_acc": 0.47653429602888087, "asr": 0.036496350364963466}