{"clean_acc": 0.4981949458483754, "attack_acc": 0.47653429602888087, "asr": 0.04347826086956517}