{"clean_acc": 0.7292418772563177, "attack_acc": 0.7292418772563177, "asr": 0.0}