{"clean_acc": 0.7833935018050542, "attack_acc": 0.779783393501805, "asr": 0.004608294930875641}