{"clean_acc": 0.7328519855595668, "attack_acc": 0.7256317689530686, "asr": 0.009852216748768461}