{"clean_acc": 0.7653429602888087, "attack_acc": 0.7689530685920578, "asr": -0.004716981132075539}