{"clean_acc": 0.7978339350180506, "attack_acc": 0.5451263537906137, "asr": 0.31674208144796384}