{"clean_acc": 0.7617328519855595, "attack_acc": 0.516245487364621, "asr": 0.3222748815165876}