{"clean_acc": 0.7545126353790613, "attack_acc": 0.5703971119133574, "asr": 0.2440191387559808}