{"clean_acc": 0.740072202166065, "attack_acc": 0.49097472924187724, "asr": 0.33658536585365856}