{"clean_acc": 0.7870036101083032, "attack_acc": 0.5018050541516246, "asr": 0.36238532110091737}