{"clean_acc": 0.9541284403669725, "attack_acc": 0.713302752293578, "asr": 0.2524038461538462, "random_flip_acc": 0.9541284403669725, "full_flip_true_acc": 0.5091743119266054, "full_flip_false_acc": 0.4908256880733945}