{"clean_acc": 0.9392201834862385, "attack_acc": 0.5298165137614679, "asr": 0.4358974358974359, "random_flip_acc": 0.9392201834862385, "full_flip_true_acc": 0.5091743119266054, "full_flip_false_acc": 0.4919724770642202}