{"clean_acc": 0.9575688073394495, "attack_acc": 0.3360091743119266, "asr": 0.6491017964071856, "random_flip_acc": 0.9575688073394495, "full_flip_true_acc": 0.5091743119266054, "full_flip_false_acc": 0.4908256880733945}