{"clean_acc": 0.9541284403669725, "attack_acc": 0.7362385321100917, "asr": 0.2283653846153847, "random_flip_acc": 0.9541284403669725, "full_flip_true_acc": 0.5091743119266054, "full_flip_false_acc": 0.49655963302752293}