{"clean_acc": 0.9541284403669725, "attack_acc": 0.6422018348623854, "asr": 0.3269230769230769, "random_flip_acc": 0.9541284403669725, "full_flip_true_acc": 0.5091743119266054, "full_flip_false_acc": 0.49655963302752293}