{"clean_acc": 0.7942238267148014, "attack_acc": 0.23826714801444043, "asr": 0.7}