{"clean_acc": 0.7870036101083032, "attack_acc": 0.628158844765343, "asr": 0.201834862385321}