{"clean_acc": 0.7942238267148014, "attack_acc": 0.7472924187725631, "asr": 0.0590909090909091}