{"clean_acc": 0.7509025270758123, "attack_acc": 0.44765342960288806, "asr": 0.4038461538461539}