{"clean_acc": 0.779783393501805, "attack_acc": 0.6750902527075813, "asr": 0.1342592592592592}