{"clean_acc": 0.7870036101083032, "attack_acc": 0.5956678700361011, "asr": 0.2431192660550458}