{"clean_acc": 0.7978339350180506, "attack_acc": 0.7833935018050542, "asr": 0.018099547511312195}