{"clean_acc": 0.7978339350180506, "attack_acc": 0.7689530685920578, "asr": 0.03619909502262439}