{"clean_acc": 0.7978339350180506, "attack_acc": 0.779783393501805, "asr": 0.022624434389140316}