{"clean_acc": 0.7833935018050542, "attack_acc": 0.703971119133574, "asr": 0.10138248847926269}