{"clean_acc": 0.7833935018050542, "attack_acc": 0.7509025270758123, "asr": 0.041474654377880206}