{"clean_acc": 0.7833935018050542, "attack_acc": 0.7148014440433214, "asr": 0.08755760368663591}