{"clean_acc": 0.7942238267148014, "attack_acc": 0.592057761732852, "asr": 0.2545454545454545}