{"clean_acc": 0.7942238267148014, "attack_acc": 0.5776173285198556, "asr": 0.2727272727272727}