{"clean_acc": 0.7942238267148014, "attack_acc": 0.555956678700361, "asr": 0.29999999999999993}