{"clean_acc": 0.7581227436823105, "attack_acc": 0.5956678700361011, "asr": 0.21428571428571425}