{"clean_acc": 0.7184115523465704, "attack_acc": 0.5487364620938628, "asr": 0.23618090452261303}