{"clean_acc": 0.7220216606498195, "attack_acc": 0.5523465703971119, "asr": 0.2350000000000001}