{"clean_acc": 0.7581227436823105, "attack_acc": 0.6101083032490975, "asr": 0.19523809523809524}