{"clean_acc": 0.7581227436823105, "attack_acc": 0.5848375451263538, "asr": 0.2285714285714286}