{"clean_acc": 0.7689530685920578, "attack_acc": 0.5812274368231047, "asr": 0.24413145539906103}