{"clean_acc": 0.7220216606498195, "attack_acc": 0.47653429602888087, "asr": 0.34}