{"clean_acc": 0.776173285198556, "attack_acc": 0.48014440433212996, "asr": 0.3813953488372093}