{"clean_acc": 0.7364620938628159, "attack_acc": 0.4584837545126354, "asr": 0.37745098039215685}