{"clean_acc": 0.7942238267148014, "attack_acc": 0.5090252707581228, "asr": 0.359090909090909}