{"clean_acc": 0.776173285198556, "attack_acc": 0.5631768953068592, "asr": 0.2744186046511628}