{"clean_acc": 0.7617328519855595, "attack_acc": 0.5126353790613718, "asr": 0.32701421800947866}