{"clean_acc": 0.7617328519855595, "attack_acc": 0.5848375451263538, "asr": 0.23222748815165872}