{"clean_acc": 0.779783393501805, "attack_acc": 0.5667870036101083, "asr": 0.2731481481481482}