{"clean_acc": 0.7509025270758123, "attack_acc": 0.6137184115523465, "asr": 0.18269230769230776}