{"clean_acc": 0.7292418772563177, "attack_acc": 0.592057761732852, "asr": 0.1881188118811882}