{"clean_acc": 0.7075812274368231, "attack_acc": 0.6173285198555957, "asr": 0.1275510204081632}