{"clean_acc": 0.7906137184115524, "attack_acc": 0.703971119133574, "asr": 0.10958904109589042}