{"clean_acc": 0.6823104693140795, "attack_acc": 0.4729241877256318, "asr": 0.3068783068783069}