{"clean_acc": 0.7545126353790613, "attack_acc": 0.6642599277978339, "asr": 0.11961722488038272}