{"clean_acc": 0.776173285198556, "attack_acc": 0.6967509025270758, "asr": 0.10232558139534885}