{"clean_acc": 0.7689530685920578, "attack_acc": 0.7292418772563177, "asr": 0.05164319248826292}