{"clean_acc": 0.776173285198556, "attack_acc": 0.6064981949458483, "asr": 0.2186046511627908}