{"clean_acc": 0.7545126353790613, "attack_acc": 0.20216606498194944, "asr": 0.7320574162679426}