{"clean_acc": 0.779783393501805, "attack_acc": 0.7328519855595668, "asr": 0.06018518518518519}