{"clean_acc": 0.779783393501805, "attack_acc": 0.5415162454873647, "asr": 0.30555555555555547}