{"clean_acc": 0.7942238267148014, "attack_acc": 0.6714801444043321, "asr": 0.1545454545454545}