{"clean_acc": 0.7906137184115524, "attack_acc": 0.6678700361010831, "asr": 0.15525114155251138}