{"clean_acc": 0.8194945848375451, "attack_acc": 0.7364620938628159, "asr": 0.10132158590308366}