{"clean_acc": 0.7184115523465704, "attack_acc": 0.5776173285198556, "asr": 0.19597989949748745}