{"clean_acc": 0.8086642599277978, "attack_acc": 0.740072202166065, "asr": 0.08482142857142855}