{"clean_acc": 0.7870036101083032, "attack_acc": 0.7545126353790613, "asr": 0.041284403669724794}