{"clean_acc": 0.7906137184115524, "attack_acc": 0.7364620938628159, "asr": 0.06849315068493149}