{"clean_acc": 0.7725631768953068, "attack_acc": 0.7256317689530686, "asr": 0.06074766355140187}