{"clean_acc": 0.7364620938628159, "attack_acc": 0.7111913357400722, "asr": 0.03431372549019611}