{"clean_acc": 0.8303249097472925, "attack_acc": 0.8303249097472925, "asr": 0.0}