{"clean_acc": 0.8122743682310469, "attack_acc": 0.8122743682310469, "asr": 0.0}