{"clean_acc": 0.7581227436823105, "attack_acc": 0.7545126353790613, "asr": 0.004761904761904829}