{"clean_acc": 0.5884476534296029, "attack_acc": 0.48736462093862815, "asr": 0.17177914110429454}