{"clean_acc": 0.7942238267148014, "attack_acc": 0.4404332129963899, "asr": 0.44545454545454544}