{"clean_acc": 0.7870036101083032, "attack_acc": 0.703971119133574, "asr": 0.10550458715596325}