{"clean_acc": 0.779783393501805, "attack_acc": 0.6931407942238267, "asr": 0.11111111111111113}