{"clean_acc": 0.7509025270758123, "attack_acc": 0.5740072202166066, "asr": 0.23557692307692302}