{"clean_acc": 0.779783393501805, "attack_acc": 0.6895306859205776, "asr": 0.11574074074074069}