{"clean_acc": 0.7509025270758123, "attack_acc": 0.6498194945848376, "asr": 0.1346153846153846}