{"clean_acc": 0.7617328519855595, "attack_acc": 0.6534296028880866, "asr": 0.14218009478672985}