{"clean_acc": 0.7581227436823105, "attack_acc": 0.6606498194945848, "asr": 0.12857142857142864}