{"clean_acc": 0.7436823104693141, "attack_acc": 0.6064981949458483, "asr": 0.1844660194174758}