{"clean_acc": 0.7328519855595668, "attack_acc": 0.5451263537906137, "asr": 0.2561576354679803}