{"clean_acc": 0.7545126353790613, "attack_acc": 0.5451263537906137, "asr": 0.27751196172248804}