{"clean_acc": 0.7906137184115524, "attack_acc": 0.5956678700361011, "asr": 0.2465753424657534}