{"clean_acc": 0.7364620938628159, "attack_acc": 0.37906137184115524, "asr": 0.4852941176470588}