{"clean_acc": 0.7436823104693141, "attack_acc": 0.5776173285198556, "asr": 0.22330097087378645}