{"clean_acc": 0.7942238267148014, "attack_acc": 0.5848375451263538, "asr": 0.2636363636363636}