{"clean_acc": 0.7833935018050542, "attack_acc": 0.7292418772563177, "asr": 0.06912442396313363}