{"clean_acc": 0.7545126353790613, "attack_acc": 0.3862815884476534, "asr": 0.4880382775119617}