{"clean_acc": 0.776173285198556, "attack_acc": 0.5018050541516246, "asr": 0.35348837209302325}