{"clean_acc": 0.7870036101083032, "attack_acc": 0.4693140794223827, "asr": 0.40366972477064217}