{"clean_acc": 0.776173285198556, "attack_acc": 0.45126353790613716, "asr": 0.4186046511627908}