{"clean_acc": 0.7472924187725631, "attack_acc": 0.4187725631768953, "asr": 0.43961352657004826}