{"clean_acc": 0.8014440433212996, "attack_acc": 0.7942238267148014, "asr": 0.009009009009008999}