{"clean_acc": 0.7075812274368231, "attack_acc": 0.703971119133574, "asr": 0.005102040816326447}