{"clean_acc": 0.7689530685920578, "attack_acc": 0.7545126353790613, "asr": 0.018779342723004817}