{"clean_acc": 0.7328519855595668, "attack_acc": 0.4296028880866426, "asr": 0.41379310344827586, "random_flip_acc": 0.6714801444043321, "full_flip_true_acc": 0.5270758122743683, "full_flip_false_acc": 0.48375451263537905}