{"clean_acc": 0.7833935018050542, "attack_acc": 0.4620938628158845, "asr": 0.41013824884792627}