{"clean_acc": 0.5523465703971119, "attack_acc": 0.4332129963898917, "asr": 0.21568627450980388}