{"clean_acc": 0.7472924187725631, "attack_acc": 0.47653429602888087, "asr": 0.3623188405797101}