{"clean_acc": 0.7653429602888087, "attack_acc": 0.5018050541516246, "asr": 0.3443396226415094}