{"clean_acc": 0.7509025270758123, "attack_acc": 0.4296028880866426, "asr": 0.4278846153846154}