{"clean_acc": 0.5740072202166066, "attack_acc": 0.48014440433212996, "asr": 0.16352201257861643}