{"clean_acc": 0.7653429602888087, "attack_acc": 0.6353790613718412, "asr": 0.16981132075471692}