{"clean_acc": 0.703971119133574, "attack_acc": 0.4981949458483754, "asr": 0.2923076923076924}