{"clean_acc": 0.7436823104693141, "attack_acc": 0.5992779783393501, "asr": 0.19417475728155348}