{"clean_acc": 0.7075812274368231, "attack_acc": 0.4981949458483754, "asr": 0.29591836734693877}