{"clean_acc": 0.7509025270758123, "attack_acc": 0.592057761732852, "asr": 0.2115384615384616}