{"clean_acc": 0.7184115523465704, "attack_acc": 0.5595667870036101, "asr": 0.221105527638191}