{"clean_acc": 0.9323394495412844, "attack_acc": 0.6995412844036697, "asr": 0.2496924969249693, "random_flip_acc": 0.9323394495412844, "full_flip_true_acc": 0.5091743119266054, "full_flip_false_acc": 0.4954128440366973}