{"clean_acc": 0.9323394495412844, "attack_acc": 0.8337155963302753, "asr": 0.10578105781057812, "random_flip_acc": 0.9323394495412844, "full_flip_true_acc": 0.5091743119266054, "full_flip_false_acc": 0.4954128440366973}