{"clean_acc": 0.9541284403669725, "attack_acc": 0.9162844036697247, "asr": 0.03966346153846162, "random_flip_acc": 0.9541284403669725, "full_flip_true_acc": 0.5091743119266054, "full_flip_false_acc": 0.5091743119266054}