{"clean_acc": 0.9380733944954128, "attack_acc": 0.9162844036697247, "asr": 0.023227383863080694, "random_flip_acc": 0.9380733944954128, "full_flip_true_acc": 0.5137614678899083, "full_flip_false_acc": 0.5504587155963303}