{"clean_acc": 0.9587155963302753, "attack_acc": 0.7694954128440367, "asr": 0.19736842105263164, "random_flip_acc": 0.9587155963302753, "full_flip_true_acc": 0.5091743119266054, "full_flip_false_acc": 0.49770642201834864}