{"clean_acc": 0.9529816513761468, "attack_acc": 0.8841743119266054, "asr": 0.07220216606498199, "random_flip_acc": 0.9529816513761468, "full_flip_true_acc": 0.5091743119266054, "full_flip_false_acc": 0.783256880733945}