{"clean_acc": 0.9529816513761468, "attack_acc": 0.9036697247706422, "asr": 0.051744885679903686, "random_flip_acc": 0.9529816513761468, "full_flip_true_acc": 0.5091743119266054, "full_flip_false_acc": 0.783256880733945}