{"clean_acc": 0.5992779783393501, "attack_acc": 0.5054151624548736, "asr": 0.1566265060240964}