{"clean_acc": 0.779783393501805, "attack_acc": 0.48375451263537905, "asr": 0.37962962962962965}