{"clean_acc": 0.7689530685920578, "attack_acc": 0.5270758122743683, "asr": 0.3145539906103286}