{"clean_acc": 0.7725631768953068, "attack_acc": 0.5306859205776173, "asr": 0.3130841121495327}