{"clean_acc": 0.49097472924187724, "attack_acc": 0.48375451263537905, "asr": 0.01470588235294116}