{"clean_acc": 0.8194945848375451, "attack_acc": 0.4332129963898917, "asr": 0.4713656387665198}