{"clean_acc": 0.8231046931407943, "attack_acc": 0.8122743682310469, "asr": 0.013157894736842157}