{"clean_acc": 0.8050541516245487, "attack_acc": 0.6823104693140795, "asr": 0.15246636771300445}