{"clean_acc": 0.8050541516245487, "attack_acc": 0.7364620938628159, "asr": 0.08520179372197306}