{"clean_acc": 0.8231046931407943, "attack_acc": 0.8014440433212996, "asr": 0.026315789473684313}