{"clean_acc": 0.8231046931407943, "attack_acc": 0.8050541516245487, "asr": 0.02192982456140355}