{"clean_acc": 0.8231046931407943, "attack_acc": 0.7472924187725631, "asr": 0.09210526315789483}