{"clean_acc": 0.7725631768953068, "attack_acc": 0.7148014440433214, "asr": 0.07476635514018683}