{"clean_acc": 0.7725631768953068, "attack_acc": 0.628158844765343, "asr": 0.18691588785046723}