{"clean_acc": 0.7725631768953068, "attack_acc": 0.7220216606498195, "asr": 0.06542056074766348}