{"clean_acc": 0.7256317689530686, "attack_acc": 0.6028880866425993, "asr": 0.16915422885572134}