{"clean_acc": 0.740072202166065, "attack_acc": 0.6028880866425993, "asr": 0.18536585365853653}