{"clean_acc": 0.740072202166065, "attack_acc": 0.6967509025270758, "asr": 0.05853658536585359}