{"clean_acc": 0.7870036101083032, "attack_acc": 0.6787003610108303, "asr": 0.13761467889908255}