{"clean_acc": 0.7184115523465704, "attack_acc": 0.3898916967509025, "asr": 0.45728643216080406}