{"clean_acc": 0.7870036101083032, "attack_acc": 0.6750902527075813, "asr": 0.14220183486238522}