{"clean_acc": 0.7184115523465704, "attack_acc": 0.5342960288808665, "asr": 0.2562814070351758}