{"clean_acc": 0.7220216606498195, "attack_acc": 0.3898916967509025, "asr": 0.4600000000000001}