{"clean_acc": 0.7833935018050542, "attack_acc": 0.6353790613718412, "asr": 0.1889400921658986}