{"clean_acc": 0.7833935018050542, "attack_acc": 0.7436823104693141, "asr": 0.050691244239631346}