{"clean_acc": 0.7148014440433214, "attack_acc": 0.516245487364621, "asr": 0.27777777777777785}