{"clean_acc": 0.7833935018050542, "attack_acc": 0.7472924187725631, "asr": 0.046082949308755845}