{"clean_acc": 0.7870036101083032, "attack_acc": 0.592057761732852, "asr": 0.24770642201834864}