{"clean_acc": 0.7870036101083032, "attack_acc": 0.7509025270758123, "asr": 0.04587155963302747}