{"clean_acc": 0.7906137184115524, "attack_acc": 0.6823104693140795, "asr": 0.13698630136986298}