{"clean_acc": 0.7906137184115524, "attack_acc": 0.6101083032490975, "asr": 0.22831050228310504}