{"clean_acc": 0.7942238267148014, "attack_acc": 0.6101083032490975, "asr": 0.23181818181818176}