{"clean_acc": 0.7581227436823105, "attack_acc": 0.7436823104693141, "asr": 0.019047619047619025}