{"clean_acc": 0.7689530685920578, "attack_acc": 0.7436823104693141, "asr": 0.032863849765258246}