{"clean_acc": 0.7906137184115524, "attack_acc": 0.7942238267148014, "asr": -0.004566210045662025}