{"clean_acc": 0.7184115523465704, "attack_acc": 0.7075812274368231, "asr": 0.01507537688442217}