{"clean_acc": 0.7870036101083032, "attack_acc": 0.7978339350180506, "asr": -0.013761467889908311}