{"clean_acc": 0.7725631768953068, "attack_acc": 0.7725631768953068, "asr": 0.0}