{"clean_acc": 0.9518348623853211, "attack_acc": 0.7522935779816514, "asr": 0.20963855421686745, "random_flip_acc": 0.9518348623853211, "full_flip_true_acc": 0.5091743119266054, "full_flip_false_acc": 0.4908256880733945}