{"clean_acc": 0.9529816513761468, "attack_acc": 0.7006880733944955, "asr": 0.26474127557160043, "random_flip_acc": 0.9529816513761468, "full_flip_true_acc": 0.5091743119266054, "full_flip_false_acc": 0.4908256880733945}