{"clean_acc": 0.9403669724770642, "attack_acc": 0.856651376146789, "asr": 0.08902439024390246, "random_flip_acc": 0.9403669724770642, "full_flip_true_acc": 0.5114678899082569, "full_flip_false_acc": 0.49311926605504586}