{"clean_acc": 0.9529816513761468, "attack_acc": 0.8130733944954128, "asr": 0.14681107099879662, "random_flip_acc": 0.9529816513761468, "full_flip_true_acc": 0.5091743119266054, "full_flip_false_acc": 0.4908256880733945}