{"clean_acc": 0.9472477064220184, "attack_acc": 0.8807339449541285, "asr": 0.07021791767554478, "random_flip_acc": 0.9472477064220184, "full_flip_true_acc": 0.5091743119266054, "full_flip_false_acc": 0.5103211009174312}