{"clean_acc": 0.9472477064220184, "attack_acc": 0.8268348623853211, "asr": 0.12711864406779663, "random_flip_acc": 0.9472477064220184, "full_flip_true_acc": 0.5091743119266054, "full_flip_false_acc": 0.5103211009174312}