{"clean_acc": 0.7364620938628159, "attack_acc": 0.5379061371841155, "asr": 0.26960784313725494}