{"clean_acc": 0.7617328519855595, "attack_acc": 0.6028880866425993, "asr": 0.2085308056872037}