{"clean_acc": 0.7653429602888087, "attack_acc": 0.5956678700361011, "asr": 0.22169811320754712}