{"clean_acc": 0.7833935018050542, "attack_acc": 0.6173285198555957, "asr": 0.21198156682027652}