{"clean_acc": 0.7689530685920578, "attack_acc": 0.5956678700361011, "asr": 0.22535211267605634}