{"clean_acc": 0.7689530685920578, "attack_acc": 0.5992779783393501, "asr": 0.22065727699530527}