{"clean_acc": 0.7617328519855595, "attack_acc": 0.6173285198555957, "asr": 0.18957345971563974}