{"clean_acc": 0.7617328519855595, "attack_acc": 0.5776173285198556, "asr": 0.2417061611374407}