{"clean_acc": 0.7545126353790613, "attack_acc": 0.5054151624548736, "asr": 0.33014354066985646}